<application>
  <component name="libraryTable">
    <library name="javax.servlet:servlet-api:2.5" type="repository">
      <properties maven-id="javax.servlet:servlet-api:2.5" />
      <CLASSES />
      <JAVADOC />
      <SOURCES />
    </library>
    <library name="Python 3.6.5 (D:\Program Files (x86)\Aconda\python.exe) interpreter library">
      <CLASSES />
      <JAVADOC />
      <SOURCES />
    </library>
    <library name="scala-sdk-2.11.12" type="Scala">
      <properties>
        <language-level>Scala_2_11</language-level>
        <compiler-classpath>
          <root url="file://$USER_HOME$/.m2/repository/org/scala-lang/scala-compiler/2.11.12/scala-compiler-2.11.12.jar" />
          <root url="file://$USER_HOME$/.m2/repository/org/scala-lang/scala-library/2.11.12/scala-library-2.11.12.jar" />
          <root url="file://$USER_HOME$/.m2/repository/org/scala-lang/scala-reflect/2.11.12/scala-reflect-2.11.12.jar" />
        </compiler-classpath>
      </properties>
      <CLASSES>
        <root url="jar://$USER_HOME$/.m2/repository/org/scala-lang/scala-library/2.11.12/scala-library-2.11.12.jar!/" />
        <root url="jar://$USER_HOME$/.m2/repository/org/scala-lang/scala-reflect/2.11.12/scala-reflect-2.11.12.jar!/" />
        <root url="jar://$USER_HOME$/.m2/repository/org/scala-lang/scala-library/2.11.12/scala-library-2.11.12-sources.jar!/" />
      </CLASSES>
      <JAVADOC />
      <SOURCES />
    </library>
  </component>
</application>