<application>
  <component name="FileTypeManager" version="18">
    <extensionMap>
      <mapping pattern="sfsf" type="AUTO_DETECTED" />
      <hashBang value="*.hprof;*.pyc;*.pyo;*.rbc;*.yarb;*~;.DS_Store;.git;.hg;.idea;.svn;CVS;__pycache__;_svn;vssver.scc;vssver2.scc;*.iml;*.mvn;*.md;mvnw;*.cmd;*.gitignore;*.class;*target;" type="GitIgnore file" />
      <mapping ext="gradle.kts" type="Kotlin" />
      <mapping ext="main.kts" type="Kotlin" />
      <removed_mapping ext="apk" approved="true" type="ARCHIVE" />
      <removed_mapping ext="psd" approved="true" type="Image" />
    </extensionMap>
  </component>
</application>